Название вклада;Ссылка на продукт;Процентная ставка;Банк (картинка)
Вклад N20;https://myfin.by//bank/bnbank/vklady/1953-vklad-n20;20%;https://myfin.by/https://admin.myfin.by/images/bank_logos/bnbank111.svg
Максимум (безотзывный);https://myfin.by//bank/technobank/vklady/1362-maksimum-bezotzyvnyyi;20%;https://myfin.by/https://admin.myfin.by/images/bank_logos/technobank111.svg
Срочный (отзывный) BYN;https://myfin.by//bank/bnbank/vklady/1950-srochnyyi-otzyvnyyi-v-byn;от 16.5 до 18.5%;https://myfin.by/https://admin.myfin.by/images/bank_logos/bnbank111.svg
RRB-online BYN 13 месяцев капитализация;https://myfin.by//bank/rrb-bank/vklady/1865-rrb-online-byn-13-mesyatsev-kapitalizatsiya;21%;https://myfin.by/https://admin.myfin.by/images/bank_logos/rrb111.svg
Online-решение NEW;https://myfin.by//bank/reshenie/vklady/1553-online-reshenie-new;от 18 до 22%;https://myfin.by/https://admin.myfin.by/images/bank_logos/bank-resh111.svg
Сберегательный вкл@д;https://myfin.by//bank/bvebank/vklady/1841-sberegatelnyyi-vkld-13-mes;22.3%;https://myfin.by/https://admin.myfin.by/images/bank_logos/belveb111.svg
Smart стандарт;https://myfin.by//bank/zepterbank/vklady/1803-smart-standart;14%;https://myfin.by/https://admin.myfin.by/images/bank_logos/zepter111.svg
Марафон;https://myfin.by//bank/belgazprombank/vklady/1757-marafon;22%;https://myfin.by/https://admin.myfin.by/images/bank_logos/belgaz111.svg
МТБелки (безотзывный) с пролонгацией;https://myfin.by//bank/mtbank/vklady/1303-mtbelki-bezotzyvnyyi;от 20.5 до 21.5%;https://myfin.by/https://admin.myfin.by/images/bank_logos/mtbank111.svg
Личный выбор (безотзывной) в BYN;https://myfin.by//bank/belinvestbank/vklady/1753-lichnyyi-vybor-bezotzyvnoyi-v-byn;от 13 до 21%;https://myfin.by/https://admin.myfin.by/images/bank_logos/belinvest111.svg
Добры месяц;https://myfin.by//bank/dabrabyt/vklady/1786-dobry-mesyats;17.3%;https://myfin.by/https://admin.myfin.by/images/bank_logos/dabrabyt111.svg
Управляй Онл@йн;https://myfin.by//bank/bps-sberbank/vklady/1542-upravlyayi-onlyin;14.25%;https://myfin.by/https://admin.myfin.by/images/bank_logos/sber.svg
ЗИГЗАГ (ставка от 17 до 34%);https://myfin.by//bank/paritetbank/vklady/1929-zigzag;34%;https://myfin.by/https://admin.myfin.by/images/bank_logos/paritet111.svg
Дамский к@приз (безотзывный);https://myfin.by//bank/belarusbank/vklady/1823-damskiyi-kpriz-bezotzyvnyyi;от 20.5 до 22.2%;https://myfin.by/https://admin.myfin.by/images/bank_logos/belarus-bank111.svg
Детский (безотзывный);https://myfin.by//bank/belinvestbank/vklady/1933-detskiyi-bezotzyvnyyi;22.06%;https://myfin.by/https://admin.myfin.by/images/bank_logos/belinvest111.svg
Почтенный;https://myfin.by//bank/reshenie/vklady/1854-pochtennyyi;от 20.3 до 22%;https://myfin.by/https://admin.myfin.by/images/bank_logos/bank-resh111.svg
Выгодные вклады (классический + онлайн);https://myfin.by//bank/belgazprombank/vklady/1540-vygodnye-vklady;22%;https://myfin.by/https://admin.myfin.by/images/bank_logos/belgaz111.svg
Алтын (безотзывный);https://myfin.by//bank/btabank/vklady/1925-altyn-bezotzyvnyyi;от 20.3 до 22.2%;https://myfin.by/https://admin.myfin.by/images/bank_logos/btabank111.svg
Безотзывный-выгодный;https://myfin.by//bank/belgazprombank/vklady/1828-bezotzyvnyyi-vygodnyyi-v-byn;22%;https://myfin.by/https://admin.myfin.by/images/bank_logos/belgaz111.svg
Успешный Безотзывный*;https://myfin.by//bank/belarusbank/vklady/1816-uspeshnyyi-bezotzyvnyyi;22%;https://myfin.by/https://admin.myfin.by/images/bank_logos/belarus-bank111.svg
Успешный Безотзывный*;https://myfin.by//bank/belarusbank/vklady/1816-uspeshnyyi-bezotzyvnyyi;22%;https://myfin.by/https://admin.myfin.by/images/bank_logos/belarus-bank111.svg
Клевер;https://myfin.by//bank/paritetbank/vklady/1760-klever;22%;https://myfin.by/https://admin.myfin.by/images/bank_logos/paritet111.svg
Урожайный Безотзывный;https://myfin.by//bank/belarusbank/vklady/1667-urozhayinyyi-bezotzyvnyyi;22%;https://myfin.by/https://admin.myfin.by/images/bank_logos/belarus-bank111.svg
Классик безотзывный на 1 год;https://myfin.by//bank/belarusbank/vklady/1493-klassik-bezotzyvnyyi-na-1-god;21.5%;https://myfin.by/https://admin.myfin.by/images/bank_logos/belarus-bank111.svg
Альфа-Вклад (безотзывный);https://myfin.by//bank/alfabank/vklady/1732-alfa-vklad;от 17.5 до 22%;https://myfin.by/https://admin.myfin.by/images/bank_logos/alfa111.svg
Практичный 95 дней;https://myfin.by//bank/paritetbank/vklady/1890-praktichnyyi-95-dneyi;21%;https://myfin.by/https://admin.myfin.by/images/bank_logos/paritet111.svg
МТБелки Online (безотзывный);https://myfin.by//bank/mtbank/vklady/1356-mtbelki-online-bezotzyvnyyi;от 10.4 до 21.5%;https://myfin.by/https://admin.myfin.by/images/bank_logos/mtbank111.svg
Стабильный доход (безотзывный);https://myfin.by//bank/paritetbank/vklady/1505-stabilnyyi-dohod-bezotzyvnyyi;от 13 до 22%;https://myfin.by/https://admin.myfin.by/images/bank_logos/paritet111.svg
Сберегательный вкл@д (безотзывный);https://myfin.by//bank/bvebank/vklady/1490-sberegatelnyyi-vkld;от 17.4 до 23%;https://myfin.by/https://admin.myfin.by/images/bank_logos/belveb111.svg
Альфа-Гранд;https://myfin.by//bank/alfabank/vklady/1742-alfa-grand;от 18 до 20.5%;https://myfin.by/https://admin.myfin.by/images/bank_logos/alfa111.svg
Детский безотзывный;https://myfin.by//bank/belarusbank/vklady/1885-detskiyi-bezotzyvnyyi;20.5%;https://myfin.by/https://admin.myfin.by/images/bank_logos/belarus-bank111.svg
Классик безотзывный свыше года;https://myfin.by//bank/belarusbank/vklady/1402-klassik-bezotzyvnyyi-svyshe-goda;от 20.4 до 20.45%;https://myfin.by/https://admin.myfin.by/images/bank_logos/belarus-bank111.svg
Point`овый в BYN;https://myfin.by//bank/rrb-bank/vklady/1765-pointovyyi-bezotzyvnyyi;20%;https://myfin.by/https://admin.myfin.by/images/bank_logos/rrb111.svg
Классик Безотзывный Удобный;https://myfin.by//bank/belarusbank/vklady/1636-klassik-bezotzyvnyyi-udobnyyi;20%;https://myfin.by/https://admin.myfin.by/images/bank_logos/belarus-bank111.svg
Хуткі онлайн;https://myfin.by//bank/dabrabyt/vklady/1960-hutk-onlayin;от 17.7 до 19.5%;https://myfin.by/https://admin.myfin.by/images/bank_logos/dabrabyt111.svg
Бонусный Безотзывный Онл@йн;https://myfin.by//bank/belarusbank/vklady/1921-bonusnyyi-bezotzyvnyyi-onlyin;от 19.2 до 22.2%;https://myfin.by/https://admin.myfin.by/images/bank_logos/belarus-bank111.svg
Депозитная карта;https://myfin.by//bank/belagroprombank/vklady/1810-depozitnaya-karta;19.2%;https://myfin.by/https://admin.myfin.by/images/bank_logos/belagro111.svg
Классик Безотзывный Весенний;https://myfin.by//bank/belarusbank/vklady/1596-klassik-bezotzyvnyyi-vesenniyi;19%;https://myfin.by/https://admin.myfin.by/images/bank_logos/belarus-bank111.svg
МТБелки (безотзывный);https://myfin.by//bank/mtbank/vklady/1735-mtbelki-online-7;19%;https://myfin.by/https://admin.myfin.by/images/bank_logos/mtbank111.svg
Бонусный Безотзывный;https://myfin.by//bank/belarusbank/vklady/1920-bonusnyyi-bezotzyvnyyi;от 19 до 21.5%;https://myfin.by/https://admin.myfin.by/images/bank_logos/belarus-bank111.svg
Универсальный безотзывный с фиксированной ставкой;https://myfin.by//bank/bvebank/vklady/1435-universaljnyyi-bezotzyvnyyi-s-fiksirovannoyi-stavkoyi;от 17.1 до 22.7%;https://myfin.by/https://admin.myfin.by/images/bank_logos/belveb111.svg
Персональный;https://myfin.by//bank/bvebank/vklady/1811-personalnyyi;от 19 до 22.7%;https://myfin.by/https://admin.myfin.by/images/bank_logos/belveb111.svg
К Совершеннолетию;https://myfin.by//bank/bps-sberbank/vklady/1815-k-sovershennoletiyu;18.75%;https://myfin.by/https://admin.myfin.by/images/bank_logos/sber.svg
Летний бриз Онл@йн;https://myfin.by//bank/belarusbank/vklady/1932-letniyi-briz-onlyin;18.7%;https://myfin.by/https://admin.myfin.by/images/bank_logos/belarus-bank111.svg
ТРИумф;https://myfin.by//bank/technobank/vklady/1633-triumf;18.5%;https://myfin.by/https://admin.myfin.by/images/bank_logos/technobank111.svg
МТБелки на 32 дня;https://myfin.by//bank/mtbank/vklady/1734-mtbelki-32;18.5%;https://myfin.by/https://admin.myfin.by/images/bank_logos/mtbank111.svg
Срочный отзывный;https://myfin.by//bank/bnbank/vklady/1947-srochnyyi-otzyvnyyi-vklad;от 16.5 до 18.5%;https://myfin.by/https://admin.myfin.by/images/bank_logos/bnbank111.svg
Летний бриз;https://myfin.by//bank/belarusbank/vklady/1919-letniyi-briz;18.5%;https://myfin.by/https://admin.myfin.by/images/bank_logos/belarus-bank111.svg
Шчодры онлайн;https://myfin.by//bank/dabrabyt/vklady/1789-shchodry-onlayin;от 18.5 до 20%;https://myfin.by/https://admin.myfin.by/images/bank_logos/dabrabyt111.svg
Копилка;https://myfin.by//bank/belagroprombank/vklady/1952-kopilka;18.35%;https://myfin.by/https://admin.myfin.by/images/bank_logos/belagro111.svg
Плюс к возможностям;https://myfin.by//bank/belagroprombank/vklady/1806-plyus-k-vozmozhnostyam;от 17.3 до 20.05%;https://myfin.by/https://admin.myfin.by/images/bank_logos/belagro111.svg
Весенний 2.0;https://myfin.by//bank/belarusbank/vklady/1594-vesenniyi-20;18.3%;https://myfin.by/https://admin.myfin.by/images/bank_logos/belarus-bank111.svg
RRB-online BYN капитализация;https://myfin.by//bank/rrb-bank/vklady/1792-rrb-online-byn;от 13 до 22.5%;https://myfin.by/https://admin.myfin.by/images/bank_logos/rrb111.svg
Шчодры;https://myfin.by//bank/dabrabyt/vklady/1790-shchodry;от 18 до 19.5%;https://myfin.by/https://admin.myfin.by/images/bank_logos/dabrabyt111.svg
RRB-online BYN проценты на счет;https://myfin.by//bank/rrb-bank/vklady/1801-rrb-online-byn-s-vyplatoyi-protsentov;от 13 до 21%;https://myfin.by/https://admin.myfin.by/images/bank_logos/rrb111.svg
Алтын (отзывный);https://myfin.by//bank/btabank/vklady/1927-altyn-otzyvnyyi;от 15 до 18%;https://myfin.by/https://admin.myfin.by/images/bank_logos/btabank111.svg
Online-решение;https://myfin.by//bank/reshenie/vklady/1488-online-reshenie;от 18 до 22%;https://myfin.by/https://admin.myfin.by/images/bank_logos/bank-resh111.svg
Формула успеха (безотзывный);https://myfin.by//bank/reshenie/vklady/1424-formula-uspeha;от 18 до 22%;https://myfin.by/https://admin.myfin.by/images/bank_logos/bank-resh111.svg
Альфа-Сейф;https://myfin.by//bank/alfabank/vklady/1348-aljfa-seyif;17.5%;https://myfin.by/https://admin.myfin.by/images/bank_logos/alfa111.svg
Новая вершина;https://myfin.by//bank/technobank/vklady/1444-novaya-vershina;17.5%;https://myfin.by/https://admin.myfin.by/images/bank_logos/technobank111.svg
